<?xml version="1.0"?>
<configuration platform="ICL">
<!-- XML configuration file for Ice Lake -->
<!--
CHIPSEC: Platform Security Assessment Framework
Copyright (c) 2018-2020, Intel Corporation

This program is free software; you can redistribute it and/or
modify it under the terms of the GNU General Public License
as published by the Free Software Foundation; Version 2.

This program is distributed in the hope that it will be useful,
but WITHOUT ANY WARRANTY; without even the implied warranty of
MERCHANTABILITY or FITNESS FOR A PARTICULAR PURPOSE.  See the
GNU General Public License for more details.

You should have received a copy of the GNU General Public License
along with this program; if not, write to the Free Software
Foundation, Inc., 51 Franklin Street, Fifth Floor, Boston, MA  02110-1301, USA.

Contact information:
chipsec@intel.com
-->

  <!-- #################################### -->
  <!--                                      -->
  <!-- Information                          -->
  <!--                                      -->
  <!-- #################################### -->
  <info family="core" detection_value="706E5">
    <sku did="0x8A00" name="IceLake" code="ICL" longname="(IceLake Y 2 Cores)" />
    <sku did="0x8A02" name="IceLake" code="ICL" longname="(IceLake U 2 Cores)" />
    <sku did="0x8A10" name="IceLake" code="ICL" longname="(IceLake Y 4 Cores)" />
    <sku did="0x8A12" name="IceLake" code="ICL" longname="(IceLake U 4 Cores)" />
  </info>

  <!-- #################################### -->
  <!--                                      -->
  <!-- Integrated devices                   -->
  <!--                                      -->
  <!-- #################################### -->
  <pci>
  </pci>

  <!-- #################################### -->
  <!--                                      -->
  <!-- Memory Mapped I/O spaces (MMIO BARs) -->
  <!--                                      -->
  <!-- #################################### -->
  <mmio>
    <bar name="GTTMMADR" bus="0" dev="2"    fun="0" reg="0x10" width="8" mask="0x7FFF000000"                     desc="Graphics Translation Table Range"/>
  </mmio>

  <!-- #################################### -->
  <!--                                      -->
  <!-- I/O spaces (I/O BARs)                -->
  <!--                                      -->
  <!-- #################################### -->
  <io>
  </io>

  <!-- #################################### -->
  <!--                                      -->
  <!-- Memory ranges                        -->
  <!--                                      -->
  <!-- #################################### -->
  <memory>
  </memory>

  <!-- #################################### -->
  <!--                                      -->
  <!-- Configuration registers              -->
  <!--                                      -->
  <!-- #################################### -->
  <registers>

    <!-- ~~~~~~~~~~~~~~~~~~~~~~~~~~~~ -->
    <!-- MSR Definitions              -->
    <!-- ~~~~~~~~~~~~~~~~~~~~~~~~~~~~ -->
    <register name="PRMRR_MASK" type="msr" msr="0x1F5" desc="PRMRR MASK register">
      <field name="PRMRR_LOCK" bit="10" size="1" desc = "PRMRR Lock Bit" />
      <field name="PRMRR_VLD" bit="11" size="1" desc = "PRMRR Valid Bit set by mcheck" />
      <field name="PRMRR_mask_bits"   bit="12"  size="40" desc="PRMRR mask bits" />
    </register>
    <register name="PRMRR_PHYBASE" type="msr" msr="0x2A0" desc="PRMRR BASE Address 0">
      <field name="PRMRR_MEMTYPE" bit="0" size="3" desc="PRMRR Memory Type" />
      <field name="PRMRR_CONFIGURED" bit="3" size="1" desc="PRMRR Base Configured" />
      <field name="PRMRR_base_address_fields" bit="12" size="40" desc="PRMRR base address bits" />
    </register>
    <register name="MSR_BIOS_DONE" type="msr" msr="0x151" desc="BIOS Done Status">
      <field name="SoC_BIOS_DONE" bit="1" size="1" desc="SoC init done"/>
      <field name="IA_UNTRUSTED" bit="0" size="1" desc="Untrusted mode enable bit"/>
    </register>
    <register name="MSR_SMM_FEATURE_CONTROL" type="msr" msr="0x4E0" desc="Enhanced SMM Feature Control">
      <field name="LOCK"            bit="0" size="1"  desc="Lock bit" />
      <field name="SMM_Code_Chk_En" bit="2" size="1"  desc="Prevents SMM from executing code outside the ranges defined by the SMRR" />
    </register>
    <register name="PRMRR_UNCORE_PHYBASE" undef="Not defined for the platform" />
    <register name="PRMRR_UNCORE_MASK" undef="Not defined for the platform" />

    <!-- ~~~~~~~~~~~~~~~~~~~~~~~~~~~~ -->
    <!-- PCIe Configuration registers -->
    <!-- ~~~~~~~~~~~~~~~~~~~~~~~~~~~~ -->

    <!-- ~~~~~~~~~~~~~~~~~~~~~~~~~~~~ -->
    <!-- MMIO registers               -->
    <!-- ~~~~~~~~~~~~~~~~~~~~~~~~~~~~ -->

    <register name="PCI0.0.0_REMAPBASE"  type="mmio" bar="MCHBAR" offset="0x5090" size="8" desc="Memory Remap Base Address" />
    <register name="PCI0.0.0_REMAPLIMIT" type="mmio" bar="MCHBAR" offset="0x5098" size="8" desc="Memory Remap Limit Address" />


    <!-- ~~~~~~~~~~~~~~~~~~~~~~~~~~~~ -->
    <!--      Undefined Registers     -->
    <!-- ~~~~~~~~~~~~~~~~~~~~~~~~~~~~ -->
    <register name="PCI0.0.0_MESEG_BASE" undef="MESEG mapping method has changed." />
    <register name="PCI0.0.0_MESEG_MASK" undef="MESEG mapping method has changed." />
    <register name="PCI0.0.0_SMRAMC" undef="Compatible SMRAM is not supported." />

  </registers>


  <!-- #################################### -->
  <!--                                      -->
  <!-- 'Controls'                           -->
  <!--                                      -->
  <!-- #################################### -->
  <controls>
  </controls>

</configuration>
